plot_tool,index,target,sources,method,value
CoRegTor,goa_similarity_lin,CDKN1A,HNRNPA1;ENO1;GADD45A;SF1;CSNK2B,exp02_muscle_skeletal-coregtor-n_five,0.43391
CoRegTor,goa_similarity_lin,DUSP1,NR4A1;JUNB;CEBPB;HNRNPA1;CEBPD,exp02_muscle_skeletal-coregtor-n_five,0.57266
CoRegTor,goa_similarity_lin,HMOX1,MEF2D;CEBPD,exp02_muscle_skeletal-coregtor-n_five,0.64034
CoRegTor,goa_similarity_lin,HSP90AA1,SOD1;ATF4;SF1;YBX1;TAF7;ESRRA,exp02_muscle_skeletal-coregtor-n_five,0.42015
CoRegTor,goa_similarity_lin,MAT2A,NFIX;SF1;CEBPB;KLF10,exp02_muscle_skeletal-coregtor-n_five,0.54637
CoRegTor,goa_similarity_lin,MCL1,RPL6;HNRNPA1;TAF7;SNRNP70;RPS4X,exp02_muscle_skeletal-coregtor-n_five,0.48375
CoRegTor,goa_similarity_lin,NFKBIA,CEBPB;KLF9;BCL6,exp02_muscle_skeletal-coregtor-n_five,0.52177
CoRegTor,goa_similarity_lin,PDK4,KLF9;CEBPB,exp02_muscle_skeletal-coregtor-n_five,0.41675
CoRegTor,goa_similarity_lin,PER1,MEF2D;CEBPB;KLF9;RPS4X;SNRNP70;RPL35;CEBPD,exp02_muscle_skeletal-coregtor-n_five,0.41603
CoRegTor,goa_similarity_lin,SOD2,PSMA6;TPI1;UBXN1;NFIC,exp02_muscle_skeletal-coregtor-n_five,0.31086
CoRegTor,goa_similarity_lin,SPARC,HADHB;SMPX;ESRRA;JUNB;HNRNPA1,exp02_muscle_skeletal-coregtor-n_five,0.29007
CoRegTor,goa_similarity_lin,SQSTM1,MEF2D;PSMA6;CSNK2B;YWHAE;NFE2L1,exp02_muscle_skeletal-coregtor-n_five,0.37125
CoRegTor,goa_similarity_lin,TAGLN,NFIC;NFIX,exp02_muscle_skeletal-coregtor-n_five,0.96694
CoRegTor,goa_similarity_lin,TIMP3,SF1;JUNB;HADHB;SNRNP70;HNRNPA1,exp02_muscle_skeletal-coregtor-n_five,0.42182
CoRegTor,goa_similarity_lin,VIM,RPL35;RPS4X;SNRNP70;CSNK2B;HNRNPA1,exp02_muscle_skeletal-coregtor-n_five,0.44913
CoRegNet,goa_similarity_lin,CDKN1A,BCL6;CEBPB;CEBPD;GADD45A,exp02-coregnet,0.55589
CoRegNet,goa_similarity_lin,DUSP1,CEBPB;CEBPD;GADD45A;JUNB;NR4A1,exp02-coregnet,0.58368
CoRegNet,goa_similarity_lin,HMOX1,CEBPD;GADD45A;MYF6,exp02-coregnet,0.50746
CoRegNet,goa_similarity_lin,HSP90AA1,BCL6;CEBPD;GADD45A;JUNB;MYF6,exp02-coregnet,0.57653
CoRegNet,goa_similarity_lin,MAT2A,BHLHE40;CEBPB;CEBPD;GADD45A;JUNB;KLF10;NR4A1,exp02-coregnet,0.5863
CoRegNet,goa_similarity_lin,MCL1,BCL6;CEBPB;CEBPD;ENO1;GADD45A;GPD1;JUNB;KLF9;MYF6,exp02-coregnet,0.45861
CoRegNet,goa_similarity_lin,NFKBIA,BCL6;CEBPB;CEBPD;GADD45A;JUNB;KLF9;MYF6,exp02-coregnet,0.56397
CoRegNet,goa_similarity_lin,PDK4,BCL6;CEBPD;GADD45A,exp02-coregnet,0.52676
CoRegNet,goa_similarity_lin,PER1,BCL6;CEBPB;CEBPD;GADD45A;JUNB;KLF9;MYF6,exp02-coregnet,0.56397
CoRegNet,goa_similarity_lin,SOD2,BCL6;GADD45A;NR4A1,exp02-coregnet,0.50714
CoRegNet,goa_similarity_lin,SPARC,CEBPD;GADD45A;JUNB;NR4A1,exp02-coregnet,0.58475
CoRegNet,goa_similarity_lin,SQSTM1,BCL6;CEBPD;GADD45A;MYF6,exp02-coregnet,0.52283
CoRegNet,goa_similarity_lin,TAGLN,CEBPD;JUNB;NR4A1,exp02-coregnet,0.72937
CoRegNet,goa_similarity_lin,TIMP3,CEBPD;GADD45A;JUNB;KLF9,exp02-coregnet,0.56753
CoRegNet,goa_similarity_lin,VIM,CEBPD;GADD45A;JUNB;MYF6;NR4A1,exp02-coregnet,0.58698
CoRegTor,goa_similarity_resnik,CDKN1A,HNRNPA1;ENO1;GADD45A;SF1;CSNK2B,exp02_muscle_skeletal-coregtor-n_five,1.40051
CoRegTor,goa_similarity_resnik,DUSP1,NR4A1;JUNB;CEBPB;HNRNPA1;CEBPD,exp02_muscle_skeletal-coregtor-n_five,1.94684
CoRegTor,goa_similarity_resnik,HMOX1,GADD45A;STUB1,exp02_muscle_skeletal-coregtor-n_five,2.00343
CoRegTor,goa_similarity_resnik,HSP90AA1,SOD1;ATF4;SF1;YBX1;TAF7;ESRRA,exp02_muscle_skeletal-coregtor-n_five,1.41654
CoRegTor,goa_similarity_resnik,MAT2A,GADD45A;ENO1;ATF4;JUNB;BHLHE40,exp02_muscle_skeletal-coregtor-n_five,1.77993
CoRegTor,goa_similarity_resnik,MCL1,RPL6;HNRNPA1;TAF7;SNRNP70;RPS4X,exp02_muscle_skeletal-coregtor-n_five,1.58144
CoRegTor,goa_similarity_resnik,NFKBIA,CEBPB;KLF9;BCL6,exp02_muscle_skeletal-coregtor-n_five,1.85913
CoRegTor,goa_similarity_resnik,PDK4,KLF9;CEBPB,exp02_muscle_skeletal-coregtor-n_five,1.4977
CoRegTor,goa_similarity_resnik,PER1,MEF2D;CEBPB;KLF9;RPS4X;SNRNP70;RPL35;CEBPD,exp02_muscle_skeletal-coregtor-n_five,1.28107
CoRegTor,goa_similarity_resnik,SOD2,PSMA6;TPI1;UBXN1;NFIC,exp02_muscle_skeletal-coregtor-n_five,1.00223
CoRegTor,goa_similarity_resnik,SPARC,HADHB;SMPX;ESRRA;JUNB;HNRNPA1,exp02_muscle_skeletal-coregtor-n_five,0.80885
CoRegTor,goa_similarity_resnik,SQSTM1,MEF2D;PSMA6;CSNK2B;YWHAE;NFE2L1,exp02_muscle_skeletal-coregtor-n_five,1.27343
CoRegTor,goa_similarity_resnik,TAGLN,NFIC;NFIX,exp02_muscle_skeletal-coregtor-n_five,2.84918
CoRegTor,goa_similarity_resnik,TIMP3,SF1;JUNB;HADHB;SNRNP70;HNRNPA1,exp02_muscle_skeletal-coregtor-n_five,1.34996
CoRegTor,goa_similarity_resnik,VIM,RPL35;RPS4X;SNRNP70;CSNK2B;HNRNPA1,exp02_muscle_skeletal-coregtor-n_five,1.37799
CoRegNet,goa_similarity_resnik,CDKN1A,BCL6;CEBPB;CEBPD;GADD45A,exp02-coregnet,1.98802
CoRegNet,goa_similarity_resnik,DUSP1,CEBPB;CEBPD;GADD45A;JUNB;NR4A1,exp02-coregnet,2.02359
CoRegNet,goa_similarity_resnik,HMOX1,CEBPD;GADD45A;MYF6,exp02-coregnet,1.56449
CoRegNet,goa_similarity_resnik,HSP90AA1,BCL6;CEBPD;GADD45A;JUNB;MYF6,exp02-coregnet,1.87138
CoRegNet,goa_similarity_resnik,MAT2A,BHLHE40;CEBPB;CEBPD;GADD45A;JUNB;KLF10;NR4A1,exp02-coregnet,1.93684
CoRegNet,goa_similarity_resnik,MCL1,BCL6;CEBPB;CEBPD;ENO1;GADD45A;GPD1;JUNB;KLF9;MYF6,exp02-coregnet,1.51031
CoRegNet,goa_similarity_resnik,NFKBIA,BCL6;CEBPB;CEBPD;GADD45A;JUNB;KLF9;MYF6,exp02-coregnet,1.88394
CoRegNet,goa_similarity_resnik,PDK4,BCL6;CEBPD;GADD45A,exp02-coregnet,1.78089
CoRegNet,goa_similarity_resnik,PER1,BCL6;CEBPB;CEBPD;GADD45A;JUNB;KLF9;MYF6,exp02-coregnet,1.88394
CoRegNet,goa_similarity_resnik,SOD2,BCL6;GADD45A;NR4A1,exp02-coregnet,1.82878
CoRegNet,goa_similarity_resnik,SPARC,CEBPD;GADD45A;JUNB;NR4A1,exp02-coregnet,1.91171
CoRegNet,goa_similarity_resnik,SQSTM1,BCL6;CEBPD;GADD45A;MYF6,exp02-coregnet,1.68742
CoRegNet,goa_similarity_resnik,TAGLN,CEBPD;JUNB;NR4A1,exp02-coregnet,2.32035
CoRegNet,goa_similarity_resnik,TIMP3,CEBPD;GADD45A;JUNB;KLF9,exp02-coregnet,1.80601
CoRegNet,goa_similarity_resnik,VIM,CEBPD;GADD45A;JUNB;MYF6;NR4A1,exp02-coregnet,1.87395
CoRegTor,goa_similarity_jc,CDKN1A,HNRNPA1;ENO1;GADD45A;SF1;CSNK2B,exp02_muscle_skeletal-coregtor-n_five,0.35745
CoRegTor,goa_similarity_jc,DUSP1,NR4A1;JUNB;CEBPB;HNRNPA1;CEBPD,exp02_muscle_skeletal-coregtor-n_five,0.47939
CoRegTor,goa_similarity_jc,HMOX1,MEF2D;CEBPD,exp02_muscle_skeletal-coregtor-n_five,0.62234
CoRegTor,goa_similarity_jc,HSP90AA1,SOD1;ATF4;SF1;YBX1;TAF7;ESRRA,exp02_muscle_skeletal-coregtor-n_five,0.34248
CoRegTor,goa_similarity_jc,MAT2A,NFIX;SF1;CEBPB;KLF10,exp02_muscle_skeletal-coregtor-n_five,0.46985
CoRegTor,goa_similarity_jc,MCL1,RPL6;HNRNPA1;TAF7;SNRNP70;RPS4X,exp02_muscle_skeletal-coregtor-n_five,0.37723
CoRegTor,goa_similarity_jc,NFKBIA,CEBPB;KLF9;BCL6,exp02_muscle_skeletal-coregtor-n_five,0.42527
CoRegTor,goa_similarity_jc,PDK4,KLF9;CEBPB,exp02_muscle_skeletal-coregtor-n_five,0.35926
CoRegTor,goa_similarity_jc,PER1,MEF2D;CEBPB;KLF9;RPS4X;SNRNP70;RPL35;CEBPD,exp02_muscle_skeletal-coregtor-n_five,0.36617
CoRegTor,goa_similarity_jc,SOD2,PSMA6;TPI1;UBXN1;NFIC,exp02_muscle_skeletal-coregtor-n_five,0.27497
CoRegTor,goa_similarity_jc,SPARC,HADHB;SMPX;ESRRA;JUNB;HNRNPA1,exp02_muscle_skeletal-coregtor-n_five,0.29201
CoRegTor,goa_similarity_jc,SQSTM1,MEF2D;PSMA6;CSNK2B;YWHAE;NFE2L1,exp02_muscle_skeletal-coregtor-n_five,0.30738
CoRegTor,goa_similarity_jc,TAGLN,NFIC;NFIX,exp02_muscle_skeletal-coregtor-n_five,0.95827
CoRegTor,goa_similarity_jc,TIMP3,SF1;JUNB;HADHB;SNRNP70;HNRNPA1,exp02_muscle_skeletal-coregtor-n_five,0.35019
CoRegTor,goa_similarity_jc,VIM,RPL35;RPS4X;SNRNP70;CSNK2B;HNRNPA1,exp02_muscle_skeletal-coregtor-n_five,0.38653
CoRegNet,goa_similarity_jc,CDKN1A,BCL6;CEBPB;CEBPD;GADD45A,exp02-coregnet,0.42591
CoRegNet,goa_similarity_jc,DUSP1,CEBPB;CEBPD;GADD45A;JUNB;NR4A1,exp02-coregnet,0.48295
CoRegNet,goa_similarity_jc,HMOX1,CEBPD;GADD45A;MYF6,exp02-coregnet,0.4398
CoRegNet,goa_similarity_jc,HSP90AA1,BCL6;CEBPD;GADD45A;JUNB;MYF6,exp02-coregnet,0.48607
CoRegNet,goa_similarity_jc,MAT2A,BHLHE40;CEBPB;CEBPD;GADD45A;JUNB;KLF10;NR4A1,exp02-coregnet,0.50131
CoRegNet,goa_similarity_jc,MCL1,BCL6;CEBPB;CEBPD;ENO1;GADD45A;GPD1;JUNB;KLF9;MYF6,exp02-coregnet,0.3993
CoRegNet,goa_similarity_jc,NFKBIA,BCL6;CEBPB;CEBPD;GADD45A;JUNB;KLF9;MYF6,exp02-coregnet,0.47803
CoRegNet,goa_similarity_jc,PDK4,BCL6;CEBPD;GADD45A,exp02-coregnet,0.39674
CoRegNet,goa_similarity_jc,PER1,BCL6;CEBPB;CEBPD;GADD45A;JUNB;KLF9;MYF6,exp02-coregnet,0.47803
CoRegNet,goa_similarity_jc,SOD2,BCL6;GADD45A;NR4A1,exp02-coregnet,0.38282
CoRegNet,goa_similarity_jc,SPARC,CEBPD;GADD45A;JUNB;NR4A1,exp02-coregnet,0.49763
CoRegNet,goa_similarity_jc,SQSTM1,BCL6;CEBPD;GADD45A;MYF6,exp02-coregnet,0.43063
CoRegNet,goa_similarity_jc,TAGLN,CEBPD;JUNB;NR4A1,exp02-coregnet,0.66321
CoRegNet,goa_similarity_jc,TIMP3,CEBPD;GADD45A;JUNB;KLF9,exp02-coregnet,0.49806
CoRegNet,goa_similarity_jc,VIM,CEBPD;GADD45A;JUNB;MYF6;NR4A1,exp02-coregnet,0.516
CoRegTor,shortest_PPI_path_score_hippie,CDKN1A,HNRNPA1;ENO1;GADD45A;SF1;CSNK2B,exp02_muscle_skeletal-coregtor-n_five,0.65
CoRegTor,shortest_PPI_path_score_hippie,DUSP1,NR4A1;JUNB;CEBPB;HNRNPA1;CEBPD,exp02_muscle_skeletal-coregtor-n_five,0.55
CoRegTor,shortest_PPI_path_score_hippie,HMOX1,CEBPB;UGP2;HNRNPA1;SMPX;NFIX;PKM;ENO1,exp02_muscle_skeletal-coregtor-n_five,0.51984
CoRegTor,shortest_PPI_path_score_hippie,HSP90AA1,SOD1;ATF4;SF1;YBX1;TAF7;ESRRA,exp02_muscle_skeletal-coregtor-n_five,0.5
CoRegTor,shortest_PPI_path_score_hippie,MAT2A,GADD45A;ENO1;ATF4;JUNB;BHLHE40,exp02_muscle_skeletal-coregtor-n_five,0.6
CoRegTor,shortest_PPI_path_score_hippie,MCL1,RPL6;HNRNPA1;TAF7;SNRNP70;RPS4X,exp02_muscle_skeletal-coregtor-n_five,0.7
CoRegTor,shortest_PPI_path_score_hippie,NFKBIA,CEBPB;KLF9;BCL6,exp02_muscle_skeletal-coregtor-n_five,0.5
CoRegTor,shortest_PPI_path_score_hippie,PDK4,KLF9;CEBPB,exp02_muscle_skeletal-coregtor-n_five,0.5
CoRegTor,shortest_PPI_path_score_hippie,PER1,MEF2D;CEBPB;KLF9;RPS4X;SNRNP70;RPL35;CEBPD,exp02_muscle_skeletal-coregtor-n_five,0.5873
CoRegTor,shortest_PPI_path_score_hippie,SOD2,PSMA6;TPI1;UBXN1;NFIC,exp02_muscle_skeletal-coregtor-n_five,0.5
CoRegTor,shortest_PPI_path_score_hippie,SPARC,HADHB;SMPX;ESRRA;JUNB;HNRNPA1,exp02_muscle_skeletal-coregtor-n_five,0.41667
CoRegTor,shortest_PPI_path_score_hippie,SQSTM1,MEF2D;PSMA6;CSNK2B;YWHAE;NFE2L1,exp02_muscle_skeletal-coregtor-n_five,0.5
CoRegTor,shortest_PPI_path_score_hippie,TAGLN,RPL35;RPS4X,exp02_muscle_skeletal-coregtor-n_five,1.0
CoRegTor,shortest_PPI_path_score_hippie,TIMP3,SF1;JUNB;HADHB;SNRNP70;HNRNPA1,exp02_muscle_skeletal-coregtor-n_five,0.65
CoRegTor,shortest_PPI_path_score_hippie,VIM,RPL35;RPS4X;SNRNP70;CSNK2B;HNRNPA1,exp02_muscle_skeletal-coregtor-n_five,0.75
CoRegNet,shortest_PPI_path_score_hippie,CDKN1A,BCL6;CEBPB;CEBPD;GADD45A,exp02-coregnet,0.58333
CoRegNet,shortest_PPI_path_score_hippie,DUSP1,CEBPB;CEBPD;GADD45A;JUNB;NR4A1,exp02-coregnet,0.55
CoRegNet,shortest_PPI_path_score_hippie,HMOX1,CEBPD;GADD45A;MYF6,exp02-coregnet,0.44444
CoRegNet,shortest_PPI_path_score_hippie,HSP90AA1,BCL6;CEBPD;GADD45A;JUNB;MYF6,exp02-coregnet,0.51667
CoRegNet,shortest_PPI_path_score_hippie,MAT2A,BHLHE40;CEBPB;CEBPD;GADD45A;JUNB;KLF10;NR4A1,exp02-coregnet,0.51587
CoRegNet,shortest_PPI_path_score_hippie,MCL1,BCL6;CEBPB;CEBPD;ENO1;GADD45A;GPD1;JUNB;KLF9;MYF6,exp02-coregnet,0.49074
CoRegNet,shortest_PPI_path_score_hippie,NFKBIA,BCL6;CEBPB;CEBPD;GADD45A;JUNB;KLF9;MYF6,exp02-coregnet,0.50794
CoRegNet,shortest_PPI_path_score_hippie,PDK4,BCL6;CEBPD;GADD45A,exp02-coregnet,0.5
CoRegNet,shortest_PPI_path_score_hippie,PER1,BCL6;CEBPB;CEBPD;GADD45A;JUNB;KLF9;MYF6,exp02-coregnet,0.50794
CoRegNet,shortest_PPI_path_score_hippie,SOD2,BCL6;GADD45A;NR4A1,exp02-coregnet,0.5
CoRegNet,shortest_PPI_path_score_hippie,SPARC,CEBPD;GADD45A;JUNB;NR4A1,exp02-coregnet,0.5
CoRegNet,shortest_PPI_path_score_hippie,SQSTM1,BCL6;CEBPD;GADD45A;MYF6,exp02-coregnet,0.44444
CoRegNet,shortest_PPI_path_score_hippie,TAGLN,CEBPD;JUNB;NR4A1,exp02-coregnet,0.5
CoRegNet,shortest_PPI_path_score_hippie,TIMP3,CEBPD;GADD45A;JUNB;KLF9,exp02-coregnet,0.47222
CoRegNet,shortest_PPI_path_score_hippie,VIM,CEBPD;GADD45A;JUNB;MYF6;NR4A1,exp02-coregnet,0.48333
CoRegTor,shortest_PPI_path_score_stringdb,CDKN1A,HNRNPA1;ENO1;GADD45A;SF1;CSNK2B,exp02_muscle_skeletal-coregtor-n_five,0.6
CoRegTor,shortest_PPI_path_score_stringdb,DUSP1,NR4A1;JUNB;CEBPB;HNRNPA1;CEBPD,exp02_muscle_skeletal-coregtor-n_five,0.75
CoRegTor,shortest_PPI_path_score_stringdb,HMOX1,CEBPB;UGP2;HNRNPA1;SMPX;NFIX;PKM;ENO1,exp02_muscle_skeletal-coregtor-n_five,0.56349
CoRegTor,shortest_PPI_path_score_stringdb,HSP90AA1,SOD1;ATF4;SF1;YBX1;TAF7;ESRRA,exp02_muscle_skeletal-coregtor-n_five,0.48889
CoRegTor,shortest_PPI_path_score_stringdb,MAT2A,GADD45A;ENO1;ATF4;JUNB;BHLHE40,exp02_muscle_skeletal-coregtor-n_five,0.55
CoRegTor,shortest_PPI_path_score_stringdb,MCL1,RPL6;HNRNPA1;TAF7;SNRNP70;RPS4X,exp02_muscle_skeletal-coregtor-n_five,0.7
CoRegTor,shortest_PPI_path_score_stringdb,NFKBIA,CEBPB;KLF9;BCL6,exp02_muscle_skeletal-coregtor-n_five,0.83333
CoRegTor,shortest_PPI_path_score_stringdb,PDK4,KLF9;CEBPB,exp02_muscle_skeletal-coregtor-n_five,1.0
CoRegTor,shortest_PPI_path_score_stringdb,PER1,MEF2D;CEBPB;KLF9;RPS4X;SNRNP70;RPL35;CEBPD,exp02_muscle_skeletal-coregtor-n_five,0.5873
CoRegTor,shortest_PPI_path_score_stringdb,SOD2,PSMA6;TPI1;UBXN1;NFIC,exp02_muscle_skeletal-coregtor-n_five,0.55556
CoRegTor,shortest_PPI_path_score_stringdb,SPARC,HADHB;SMPX;ESRRA;JUNB;HNRNPA1,exp02_muscle_skeletal-coregtor-n_five,0.46667
CoRegTor,shortest_PPI_path_score_stringdb,SQSTM1,MEF2D;PSMA6;CSNK2B;YWHAE;NFE2L1,exp02_muscle_skeletal-coregtor-n_five,0.5
CoRegTor,shortest_PPI_path_score_stringdb,TAGLN,RPL35;RPS4X,exp02_muscle_skeletal-coregtor-n_five,1.0
CoRegTor,shortest_PPI_path_score_stringdb,TIMP3,SF1;JUNB;HADHB;SNRNP70;HNRNPA1,exp02_muscle_skeletal-coregtor-n_five,0.65
CoRegTor,shortest_PPI_path_score_stringdb,VIM,RPL35;RPS4X;SNRNP70;CSNK2B;HNRNPA1,exp02_muscle_skeletal-coregtor-n_five,0.7
CoRegNet,shortest_PPI_path_score_stringdb,CDKN1A,BCL6;CEBPB;CEBPD;GADD45A,exp02-coregnet,0.83333
CoRegNet,shortest_PPI_path_score_stringdb,DUSP1,CEBPB;CEBPD;GADD45A;JUNB;NR4A1,exp02-coregnet,0.75
CoRegNet,shortest_PPI_path_score_stringdb,HMOX1,CEBPD;GADD45A;MYF6,exp02-coregnet,0.5
CoRegNet,shortest_PPI_path_score_stringdb,HSP90AA1,BCL6;CEBPD;GADD45A;JUNB;MYF6,exp02-coregnet,0.7
CoRegNet,shortest_PPI_path_score_stringdb,MAT2A,BHLHE40;CEBPB;CEBPD;GADD45A;JUNB;KLF10;NR4A1,exp02-coregnet,0.71429
CoRegNet,shortest_PPI_path_score_stringdb,MCL1,BCL6;CEBPB;CEBPD;ENO1;GADD45A;GPD1;JUNB;KLF9;MYF6,exp02-coregnet,0.61574
CoRegNet,shortest_PPI_path_score_stringdb,NFKBIA,BCL6;CEBPB;CEBPD;GADD45A;JUNB;KLF9;MYF6,exp02-coregnet,0.71429
CoRegNet,shortest_PPI_path_score_stringdb,PDK4,BCL6;CEBPD;GADD45A,exp02-coregnet,0.83333
CoRegNet,shortest_PPI_path_score_stringdb,PER1,BCL6;CEBPB;CEBPD;GADD45A;JUNB;KLF9;MYF6,exp02-coregnet,0.71429
CoRegNet,shortest_PPI_path_score_stringdb,SOD2,BCL6;GADD45A;NR4A1,exp02-coregnet,0.83333
CoRegNet,shortest_PPI_path_score_stringdb,SPARC,CEBPD;GADD45A;JUNB;NR4A1,exp02-coregnet,0.66667
CoRegNet,shortest_PPI_path_score_stringdb,SQSTM1,BCL6;CEBPD;GADD45A;MYF6,exp02-coregnet,0.66667
CoRegNet,shortest_PPI_path_score_stringdb,TAGLN,CEBPD;JUNB;NR4A1,exp02-coregnet,0.83333
CoRegNet,shortest_PPI_path_score_stringdb,TIMP3,CEBPD;GADD45A;JUNB;KLF9,exp02-coregnet,0.66667
CoRegNet,shortest_PPI_path_score_stringdb,VIM,CEBPD;GADD45A;JUNB;MYF6;NR4A1,exp02-coregnet,0.6
CoRegTor,shortest_PPI_path_score_biogrid,CDKN1A,HNRNPA1;ENO1;GADD45A;SF1;CSNK2B,exp02_muscle_skeletal-coregtor-n_five,0.65
CoRegTor,shortest_PPI_path_score_biogrid,DUSP1,NR4A1;JUNB;CEBPB;HNRNPA1;CEBPD,exp02_muscle_skeletal-coregtor-n_five,0.65
CoRegTor,shortest_PPI_path_score_biogrid,HMOX1,CEBPB;UGP2;HNRNPA1;SMPX;NFIX;PKM;ENO1,exp02_muscle_skeletal-coregtor-n_five,0.59524
CoRegTor,shortest_PPI_path_score_biogrid,HSP90AA1,SOD1;ATF4;SF1;YBX1;TAF7;ESRRA,exp02_muscle_skeletal-coregtor-n_five,0.5
CoRegTor,shortest_PPI_path_score_biogrid,MAT2A,NFIX;SF1;CEBPB;KLF10,exp02_muscle_skeletal-coregtor-n_five,0.66667
CoRegTor,shortest_PPI_path_score_biogrid,MCL1,RPL6;HNRNPA1;TAF7;SNRNP70;RPS4X,exp02_muscle_skeletal-coregtor-n_five,0.7
CoRegTor,shortest_PPI_path_score_biogrid,NFKBIA,CEBPB;KLF9;BCL6,exp02_muscle_skeletal-coregtor-n_five,0.5
CoRegTor,shortest_PPI_path_score_biogrid,PDK4,KLF9;CEBPB,exp02_muscle_skeletal-coregtor-n_five,0.5
CoRegTor,shortest_PPI_path_score_biogrid,PER1,MEF2D;CEBPB;KLF9;RPS4X;SNRNP70;RPL35;CEBPD,exp02_muscle_skeletal-coregtor-n_five,0.64286
CoRegTor,shortest_PPI_path_score_biogrid,SOD2,PSMA6;TPI1;UBXN1;NFIC,exp02_muscle_skeletal-coregtor-n_five,0.5
CoRegTor,shortest_PPI_path_score_biogrid,SPARC,HADHB;SMPX;ESRRA;JUNB;HNRNPA1,exp02_muscle_skeletal-coregtor-n_five,0.425
CoRegTor,shortest_PPI_path_score_biogrid,SQSTM1,MEF2D;PSMA6;CSNK2B;YWHAE;NFE2L1,exp02_muscle_skeletal-coregtor-n_five,0.5
CoRegTor,shortest_PPI_path_score_biogrid,TAGLN,RPL35;RPS4X,exp02_muscle_skeletal-coregtor-n_five,1.0
CoRegTor,shortest_PPI_path_score_biogrid,TIMP3,SF1;JUNB;HADHB;SNRNP70;HNRNPA1,exp02_muscle_skeletal-coregtor-n_five,0.6
CoRegTor,shortest_PPI_path_score_biogrid,VIM,RPL35;RPS4X;SNRNP70;CSNK2B;HNRNPA1,exp02_muscle_skeletal-coregtor-n_five,0.75
CoRegNet,shortest_PPI_path_score_biogrid,CDKN1A,BCL6;CEBPB;CEBPD;GADD45A,exp02-coregnet,0.55556
CoRegNet,shortest_PPI_path_score_biogrid,DUSP1,CEBPB;CEBPD;GADD45A;JUNB;NR4A1,exp02-coregnet,0.58333
CoRegNet,shortest_PPI_path_score_biogrid,HMOX1,CEBPD;GADD45A;MYF6,exp02-coregnet,0.38889
CoRegNet,shortest_PPI_path_score_biogrid,HSP90AA1,BCL6;CEBPD;GADD45A;JUNB;MYF6,exp02-coregnet,0.48333
CoRegNet,shortest_PPI_path_score_biogrid,MAT2A,BHLHE40;CEBPB;CEBPD;GADD45A;JUNB;KLF10;NR4A1,exp02-coregnet,0.53968
CoRegNet,shortest_PPI_path_score_biogrid,MCL1,BCL6;CEBPB;CEBPD;ENO1;GADD45A;GPD1;JUNB;KLF9;MYF6,exp02-coregnet,0.52315
CoRegNet,shortest_PPI_path_score_biogrid,NFKBIA,BCL6;CEBPB;CEBPD;GADD45A;JUNB;KLF9;MYF6,exp02-coregnet,0.53175
CoRegNet,shortest_PPI_path_score_biogrid,PDK4,BCL6;CEBPD;GADD45A,exp02-coregnet,0.44444
CoRegNet,shortest_PPI_path_score_biogrid,PER1,BCL6;CEBPB;CEBPD;GADD45A;JUNB;KLF9;MYF6,exp02-coregnet,0.53175
CoRegNet,shortest_PPI_path_score_biogrid,SOD2,BCL6;GADD45A;NR4A1,exp02-coregnet,0.5
CoRegNet,shortest_PPI_path_score_biogrid,SPARC,CEBPD;GADD45A;JUNB;NR4A1,exp02-coregnet,0.47222
CoRegNet,shortest_PPI_path_score_biogrid,SQSTM1,BCL6;CEBPD;GADD45A;MYF6,exp02-coregnet,0.41667
CoRegNet,shortest_PPI_path_score_biogrid,TAGLN,CEBPD;JUNB;NR4A1,exp02-coregnet,0.5
CoRegNet,shortest_PPI_path_score_biogrid,TIMP3,CEBPD;GADD45A;JUNB;KLF9,exp02-coregnet,0.47222
CoRegNet,shortest_PPI_path_score_biogrid,VIM,CEBPD;GADD45A;JUNB;MYF6;NR4A1,exp02-coregnet,0.45
CoRegTor,shared_PPI_partners_score_hippie,CDKN1A,HNRNPA1;ENO1;GADD45A;SF1;CSNK2B,exp02_muscle_skeletal-coregtor-n_five,37.02731
CoRegTor,shared_PPI_partners_score_hippie,DUSP1,CSNK2B;RPS4X,exp02_muscle_skeletal-coregtor-n_five,42.71022
CoRegTor,shared_PPI_partners_score_hippie,HMOX1,CEBPB;UGP2;HNRNPA1;SMPX;NFIX;PKM;ENO1,exp02_muscle_skeletal-coregtor-n_five,21.68322
CoRegTor,shared_PPI_partners_score_hippie,HSP90AA1,SOD1;ATF4;SF1;YBX1;TAF7;ESRRA,exp02_muscle_skeletal-coregtor-n_five,9.22131
CoRegTor,shared_PPI_partners_score_hippie,MAT2A,GADD45A;ENO1;ATF4;JUNB;BHLHE40,exp02_muscle_skeletal-coregtor-n_five,13.01307
CoRegTor,shared_PPI_partners_score_hippie,MCL1,RPL6;HNRNPA1;TAF7;SNRNP70;RPS4X,exp02_muscle_skeletal-coregtor-n_five,135.65891
CoRegTor,shared_PPI_partners_score_hippie,NFKBIA,CEBPB;KLF9;BCL6,exp02_muscle_skeletal-coregtor-n_five,5.85314
CoRegTor,shared_PPI_partners_score_hippie,PDK4,KLF9;CEBPB,exp02_muscle_skeletal-coregtor-n_five,2.4797
CoRegTor,shared_PPI_partners_score_hippie,PER1,MEF2D;CEBPB;KLF9;RPS4X;SNRNP70;RPL35;CEBPD,exp02_muscle_skeletal-coregtor-n_five,42.8058
CoRegTor,shared_PPI_partners_score_hippie,SOD2,PSMA6;TPI1;UBXN1;NFIC,exp02_muscle_skeletal-coregtor-n_five,12.09673
CoRegTor,shared_PPI_partners_score_hippie,SPARC,HADHB;SMPX;ESRRA;JUNB;HNRNPA1,exp02_muscle_skeletal-coregtor-n_five,8.86296
CoRegTor,shared_PPI_partners_score_hippie,SQSTM1,MEF2D;PSMA6;CSNK2B;YWHAE;NFE2L1,exp02_muscle_skeletal-coregtor-n_five,12.64862
CoRegTor,shared_PPI_partners_score_hippie,TAGLN,RPL35;RPS4X,exp02_muscle_skeletal-coregtor-n_five,255.85101
CoRegTor,shared_PPI_partners_score_hippie,TIMP3,SF1;JUNB;HADHB;SNRNP70;HNRNPA1,exp02_muscle_skeletal-coregtor-n_five,58.57665
CoRegTor,shared_PPI_partners_score_hippie,VIM,RPL35;RPS4X;SNRNP70;CSNK2B;HNRNPA1,exp02_muscle_skeletal-coregtor-n_five,130.94674
CoRegNet,shared_PPI_partners_score_hippie,CDKN1A,BCL6;CEBPB;CEBPD;GADD45A,exp02-coregnet,19.9445
CoRegNet,shared_PPI_partners_score_hippie,DUSP1,CEBPB;CEBPD;GADD45A;JUNB;NR4A1,exp02-coregnet,30.88129
CoRegNet,shared_PPI_partners_score_hippie,HMOX1,CEBPD;GADD45A;MYF6,exp02-coregnet,6.36913
CoRegNet,shared_PPI_partners_score_hippie,HSP90AA1,BCL6;CEBPD;GADD45A;JUNB;MYF6,exp02-coregnet,9.12518
CoRegNet,shared_PPI_partners_score_hippie,MAT2A,BHLHE40;CEBPB;CEBPD;GADD45A;JUNB;KLF10;NR4A1,exp02-coregnet,20.23003
CoRegNet,shared_PPI_partners_score_hippie,MCL1,BCL6;CEBPB;CEBPD;ENO1;GADD45A;GPD1;JUNB;KLF9;MYF6,exp02-coregnet,9.06846
CoRegNet,shared_PPI_partners_score_hippie,NFKBIA,BCL6;CEBPB;CEBPD;GADD45A;JUNB;KLF9;MYF6,exp02-coregnet,11.46047
CoRegNet,shared_PPI_partners_score_hippie,PDK4,BCL6;CEBPD;GADD45A,exp02-coregnet,7.86685
CoRegNet,shared_PPI_partners_score_hippie,PER1,BCL6;CEBPB;CEBPD;GADD45A;JUNB;KLF9;MYF6,exp02-coregnet,11.46047
CoRegNet,shared_PPI_partners_score_hippie,SOD2,BCL6;GADD45A;NR4A1,exp02-coregnet,13.07011
CoRegNet,shared_PPI_partners_score_hippie,SPARC,CEBPD;GADD45A;JUNB;NR4A1,exp02-coregnet,24.06845
CoRegNet,shared_PPI_partners_score_hippie,SQSTM1,BCL6;CEBPD;GADD45A;MYF6,exp02-coregnet,4.27632
CoRegNet,shared_PPI_partners_score_hippie,TAGLN,CEBPD;JUNB;NR4A1,exp02-coregnet,26.74663
CoRegNet,shared_PPI_partners_score_hippie,TIMP3,CEBPD;GADD45A;JUNB;KLF9,exp02-coregnet,13.07003
CoRegNet,shared_PPI_partners_score_hippie,VIM,CEBPD;GADD45A;JUNB;MYF6;NR4A1,exp02-coregnet,14.98596
CoRegTor,shared_PPI_partners_score_stringdb,CDKN1A,HNRNPA1;ENO1;GADD45A;SF1;CSNK2B,exp02_muscle_skeletal-coregtor-n_five,24.26932
CoRegTor,shared_PPI_partners_score_stringdb,DUSP1,NR4A1;JUNB;CEBPB;HNRNPA1;CEBPD,exp02_muscle_skeletal-coregtor-n_five,61.07979
CoRegTor,shared_PPI_partners_score_stringdb,HMOX1,GADD45A;STUB1,exp02_muscle_skeletal-coregtor-n_five,25.662
CoRegTor,shared_PPI_partners_score_stringdb,HSP90AA1,SOD1;ATF4;SF1;YBX1;TAF7;ESRRA,exp02_muscle_skeletal-coregtor-n_five,14.60632
CoRegTor,shared_PPI_partners_score_stringdb,MAT2A,GADD45A;ENO1;ATF4;JUNB;BHLHE40,exp02_muscle_skeletal-coregtor-n_five,16.12512
CoRegTor,shared_PPI_partners_score_stringdb,MCL1,RPL6;HNRNPA1;TAF7;SNRNP70;RPS4X,exp02_muscle_skeletal-coregtor-n_five,52.89989
CoRegTor,shared_PPI_partners_score_stringdb,NFKBIA,CEBPB;KLF9;BCL6,exp02_muscle_skeletal-coregtor-n_five,35.6071
CoRegTor,shared_PPI_partners_score_stringdb,PDK4,KLF9;CEBPB,exp02_muscle_skeletal-coregtor-n_five,9.49183
CoRegTor,shared_PPI_partners_score_stringdb,PER1,MEF2D;CEBPB;KLF9;RPS4X;SNRNP70;RPL35;CEBPD,exp02_muscle_skeletal-coregtor-n_five,14.49091
CoRegTor,shared_PPI_partners_score_stringdb,SOD2,PSMA6;TPI1;UBXN1;NFIC,exp02_muscle_skeletal-coregtor-n_five,7.93289
CoRegTor,shared_PPI_partners_score_stringdb,SPARC,HADHB;SMPX;ESRRA;JUNB;HNRNPA1,exp02_muscle_skeletal-coregtor-n_five,2.95633
CoRegTor,shared_PPI_partners_score_stringdb,SQSTM1,MEF2D;PSMA6;CSNK2B;YWHAE;NFE2L1,exp02_muscle_skeletal-coregtor-n_five,8.06423
CoRegTor,shared_PPI_partners_score_stringdb,TAGLN,NFIC;NFIX,exp02_muscle_skeletal-coregtor-n_five,81.11531
CoRegTor,shared_PPI_partners_score_stringdb,TIMP3,SF1;JUNB;HADHB;SNRNP70;HNRNPA1,exp02_muscle_skeletal-coregtor-n_five,61.21326
CoRegTor,shared_PPI_partners_score_stringdb,VIM,RPL35;RPS4X;SNRNP70;CSNK2B;HNRNPA1,exp02_muscle_skeletal-coregtor-n_five,48.52509
CoRegNet,shared_PPI_partners_score_stringdb,CDKN1A,BCL6;CEBPB;CEBPD;GADD45A,exp02-coregnet,71.95454
CoRegNet,shared_PPI_partners_score_stringdb,DUSP1,CEBPB;CEBPD;GADD45A;JUNB;NR4A1,exp02-coregnet,72.70027
CoRegNet,shared_PPI_partners_score_stringdb,HMOX1,CEBPD;GADD45A;MYF6,exp02-coregnet,7.60815
CoRegNet,shared_PPI_partners_score_stringdb,HSP90AA1,BCL6;CEBPD;GADD45A;JUNB;MYF6,exp02-coregnet,26.91643
CoRegNet,shared_PPI_partners_score_stringdb,MAT2A,BHLHE40;CEBPB;CEBPD;GADD45A;JUNB;KLF10;NR4A1,exp02-coregnet,44.13108
CoRegNet,shared_PPI_partners_score_stringdb,MCL1,BCL6;CEBPB;CEBPD;ENO1;GADD45A;GPD1;JUNB;KLF9;MYF6,exp02-coregnet,22.51765
CoRegNet,shared_PPI_partners_score_stringdb,NFKBIA,BCL6;CEBPB;CEBPD;GADD45A;JUNB;KLF9;MYF6,exp02-coregnet,36.33367
CoRegNet,shared_PPI_partners_score_stringdb,PDK4,BCL6;CEBPD;GADD45A,exp02-coregnet,32.68857
CoRegNet,shared_PPI_partners_score_stringdb,PER1,BCL6;CEBPB;CEBPD;GADD45A;JUNB;KLF9;MYF6,exp02-coregnet,36.33367
CoRegNet,shared_PPI_partners_score_stringdb,SOD2,BCL6;GADD45A;NR4A1,exp02-coregnet,41.57081
CoRegNet,shared_PPI_partners_score_stringdb,SPARC,CEBPD;GADD45A;JUNB;NR4A1,exp02-coregnet,46.61981
CoRegNet,shared_PPI_partners_score_stringdb,SQSTM1,BCL6;CEBPD;GADD45A;MYF6,exp02-coregnet,17.35309
CoRegNet,shared_PPI_partners_score_stringdb,TAGLN,CEBPD;JUNB;NR4A1,exp02-coregnet,65.14317
CoRegNet,shared_PPI_partners_score_stringdb,TIMP3,CEBPD;GADD45A;JUNB;KLF9,exp02-coregnet,25.00499
CoRegNet,shared_PPI_partners_score_stringdb,VIM,CEBPD;GADD45A;JUNB;MYF6;NR4A1,exp02-coregnet,29.36507
CoRegTor,shared_PPI_partners_score_biogrid,CDKN1A,HNRNPA1;ENO1;GADD45A;SF1;CSNK2B,exp02_muscle_skeletal-coregtor-n_five,36.48075
CoRegTor,shared_PPI_partners_score_biogrid,DUSP1,CSNK2B;RPS4X,exp02_muscle_skeletal-coregtor-n_five,56.82104
CoRegTor,shared_PPI_partners_score_biogrid,HMOX1,CEBPB;UGP2;HNRNPA1;SMPX;NFIX;PKM;ENO1,exp02_muscle_skeletal-coregtor-n_five,38.68431
CoRegTor,shared_PPI_partners_score_biogrid,HSP90AA1,SOD1;ATF4;SF1;YBX1;TAF7;ESRRA,exp02_muscle_skeletal-coregtor-n_five,10.70782
CoRegTor,shared_PPI_partners_score_biogrid,MAT2A,NFIX;SF1;CEBPB;KLF10,exp02_muscle_skeletal-coregtor-n_five,19.75696
CoRegTor,shared_PPI_partners_score_biogrid,MCL1,RPL6;HNRNPA1;TAF7;SNRNP70;RPS4X,exp02_muscle_skeletal-coregtor-n_five,126.08198
CoRegTor,shared_PPI_partners_score_biogrid,NFKBIA,CEBPB;KLF9;BCL6,exp02_muscle_skeletal-coregtor-n_five,12.49365
CoRegTor,shared_PPI_partners_score_biogrid,PDK4,KLF9;CEBPB,exp02_muscle_skeletal-coregtor-n_five,6.91269
CoRegTor,shared_PPI_partners_score_biogrid,PER1,MEF2D;CEBPB;KLF9;RPS4X;SNRNP70;RPL35;CEBPD,exp02_muscle_skeletal-coregtor-n_five,56.61985
CoRegTor,shared_PPI_partners_score_biogrid,SOD2,PSMA6;TPI1;UBXN1;NFIC,exp02_muscle_skeletal-coregtor-n_five,17.28552
CoRegTor,shared_PPI_partners_score_biogrid,SPARC,HADHB;SMPX;ESRRA;JUNB;HNRNPA1,exp02_muscle_skeletal-coregtor-n_five,7.23404
CoRegTor,shared_PPI_partners_score_biogrid,SQSTM1,MEF2D;PSMA6;CSNK2B;YWHAE;NFE2L1,exp02_muscle_skeletal-coregtor-n_five,12.71612
CoRegTor,shared_PPI_partners_score_biogrid,TAGLN,RPL35;RPS4X,exp02_muscle_skeletal-coregtor-n_five,275.56393
CoRegTor,shared_PPI_partners_score_biogrid,TIMP3,SF1;JUNB;HADHB;SNRNP70;HNRNPA1,exp02_muscle_skeletal-coregtor-n_five,56.03936
CoRegTor,shared_PPI_partners_score_biogrid,VIM,RPL35;RPS4X;SNRNP70;CSNK2B;HNRNPA1,exp02_muscle_skeletal-coregtor-n_five,146.11093
CoRegNet,shared_PPI_partners_score_biogrid,CDKN1A,BCL6;CEBPB;CEBPD;GADD45A,exp02-coregnet,9.47161
CoRegNet,shared_PPI_partners_score_biogrid,DUSP1,CEBPB;CEBPD;GADD45A;JUNB;NR4A1,exp02-coregnet,12.06265
CoRegNet,shared_PPI_partners_score_biogrid,HMOX1,CEBPD;GADD45A;MYF6,exp02-coregnet,0.37814
CoRegNet,shared_PPI_partners_score_biogrid,HSP90AA1,BCL6;CEBPD;GADD45A;JUNB;MYF6,exp02-coregnet,2.75752
CoRegNet,shared_PPI_partners_score_biogrid,MAT2A,BHLHE40;CEBPB;CEBPD;GADD45A;JUNB;KLF10;NR4A1,exp02-coregnet,7.75178
CoRegNet,shared_PPI_partners_score_biogrid,MCL1,BCL6;CEBPB;CEBPD;ENO1;GADD45A;GPD1;JUNB;KLF9;MYF6,exp02-coregnet,6.07668
CoRegNet,shared_PPI_partners_score_biogrid,NFKBIA,BCL6;CEBPB;CEBPD;GADD45A;JUNB;KLF9;MYF6,exp02-coregnet,5.40389
CoRegNet,shared_PPI_partners_score_biogrid,PDK4,BCL6;CEBPD;GADD45A,exp02-coregnet,1.40889
CoRegNet,shared_PPI_partners_score_biogrid,PER1,BCL6;CEBPB;CEBPD;GADD45A;JUNB;KLF9;MYF6,exp02-coregnet,5.40389
CoRegNet,shared_PPI_partners_score_biogrid,SOD2,BCL6;GADD45A;NR4A1,exp02-coregnet,5.04093
CoRegNet,shared_PPI_partners_score_biogrid,SPARC,CEBPD;GADD45A;JUNB;NR4A1,exp02-coregnet,5.31298
CoRegNet,shared_PPI_partners_score_biogrid,SQSTM1,BCL6;CEBPD;GADD45A;MYF6,exp02-coregnet,0.89351
CoRegNet,shared_PPI_partners_score_biogrid,TAGLN,CEBPD;JUNB;NR4A1,exp02-coregnet,7.00841
CoRegNet,shared_PPI_partners_score_biogrid,TIMP3,CEBPD;GADD45A;JUNB;KLF9,exp02-coregnet,3.15046
CoRegNet,shared_PPI_partners_score_biogrid,VIM,CEBPD;GADD45A;JUNB;MYF6;NR4A1,exp02-coregnet,3.38296
CoRegTor,grn_collectri_precision,CDKN1A,HNRNPA1;ENO1;GADD45A;SF1;CSNK2B,exp02_muscle_skeletal-coregtor-n_five,0.0
CoRegTor,grn_collectri_precision,DUSP1,NR4A1;JUNB;CEBPB;HNRNPA1;CEBPD,exp02_muscle_skeletal-coregtor-n_five,0.2
CoRegTor,grn_collectri_precision,HMOX1,MEF2D;CEBPD,exp02_muscle_skeletal-coregtor-n_five,0.0
CoRegTor,grn_collectri_precision,HSP90AA1,SOD1;ATF4;SF1;YBX1;TAF7;ESRRA,exp02_muscle_skeletal-coregtor-n_five,0.0
CoRegTor,grn_collectri_precision,MAT2A,NFIX;SF1;CEBPB;KLF10,exp02_muscle_skeletal-coregtor-n_five,0.0
CoRegTor,grn_collectri_precision,MCL1,RPL6;HNRNPA1;TAF7;SNRNP70;RPS4X,exp02_muscle_skeletal-coregtor-n_five,0.0
CoRegTor,grn_collectri_precision,NFKBIA,CEBPB;KLF9;BCL6,exp02_muscle_skeletal-coregtor-n_five,0.33333
CoRegTor,grn_collectri_precision,PDK4,KLF9;CEBPB,exp02_muscle_skeletal-coregtor-n_five,0.5
CoRegTor,grn_collectri_precision,PER1,MEF2D;CEBPB;KLF9;RPS4X;SNRNP70;RPL35;CEBPD,exp02_muscle_skeletal-coregtor-n_five,0.0
CoRegTor,grn_collectri_precision,SOD2,PSMA6;TPI1;UBXN1;NFIC,exp02_muscle_skeletal-coregtor-n_five,0.0
CoRegTor,grn_collectri_precision,SPARC,HADHB;SMPX;ESRRA;JUNB;HNRNPA1,exp02_muscle_skeletal-coregtor-n_five,0.0
CoRegTor,grn_collectri_precision,SQSTM1,MEF2D;PSMA6;CSNK2B;YWHAE;NFE2L1,exp02_muscle_skeletal-coregtor-n_five,0.0
CoRegTor,grn_collectri_precision,TAGLN,RPL35;RPS4X,exp02_muscle_skeletal-coregtor-n_five,0.0
CoRegTor,grn_collectri_precision,TIMP3,SF1;JUNB;HADHB;SNRNP70;HNRNPA1,exp02_muscle_skeletal-coregtor-n_five,0.0
CoRegTor,grn_collectri_precision,VIM,RPL35;RPS4X;SNRNP70;CSNK2B;HNRNPA1,exp02_muscle_skeletal-coregtor-n_five,0.0
CoRegNet,grn_collectri_precision,CDKN1A,BCL6;CEBPB;CEBPD;GADD45A,exp02-coregnet,0.5
CoRegNet,grn_collectri_precision,DUSP1,CEBPB;CEBPD;GADD45A;JUNB;NR4A1,exp02-coregnet,0.2
CoRegNet,grn_collectri_precision,HMOX1,CEBPD;GADD45A;MYF6,exp02-coregnet,0.0
CoRegNet,grn_collectri_precision,HSP90AA1,BCL6;CEBPD;GADD45A;JUNB;MYF6,exp02-coregnet,0.0
CoRegNet,grn_collectri_precision,MAT2A,BHLHE40;CEBPB;CEBPD;GADD45A;JUNB;KLF10;NR4A1,exp02-coregnet,0.0
CoRegNet,grn_collectri_precision,MCL1,BCL6;CEBPB;CEBPD;ENO1;GADD45A;GPD1;JUNB;KLF9;MYF6,exp02-coregnet,0.0
CoRegNet,grn_collectri_precision,NFKBIA,BCL6;CEBPB;CEBPD;GADD45A;JUNB;KLF9;MYF6,exp02-coregnet,0.14286
CoRegNet,grn_collectri_precision,PDK4,BCL6;CEBPD;GADD45A,exp02-coregnet,0.0
CoRegNet,grn_collectri_precision,PER1,BCL6;CEBPB;CEBPD;GADD45A;JUNB;KLF9;MYF6,exp02-coregnet,0.0
CoRegNet,grn_collectri_precision,SOD2,BCL6;GADD45A;NR4A1,exp02-coregnet,0.0
CoRegNet,grn_collectri_precision,SPARC,CEBPD;GADD45A;JUNB;NR4A1,exp02-coregnet,0.0
CoRegNet,grn_collectri_precision,SQSTM1,BCL6;CEBPD;GADD45A;MYF6,exp02-coregnet,0.0
CoRegNet,grn_collectri_precision,TAGLN,CEBPD;JUNB;NR4A1,exp02-coregnet,0.0
CoRegNet,grn_collectri_precision,TIMP3,CEBPD;GADD45A;JUNB;KLF9,exp02-coregnet,0.0
CoRegNet,grn_collectri_precision,VIM,CEBPD;GADD45A;JUNB;MYF6;NR4A1,exp02-coregnet,0.0
CoRegTor,grn_collectri_recall,CDKN1A,HNRNPA1;ENO1;GADD45A;SF1;CSNK2B,exp02_muscle_skeletal-coregtor-n_five,0.0
CoRegTor,grn_collectri_recall,DUSP1,NR4A1;JUNB;CEBPB;HNRNPA1;CEBPD,exp02_muscle_skeletal-coregtor-n_five,0.03448
CoRegTor,grn_collectri_recall,HMOX1,MEF2D;CEBPD,exp02_muscle_skeletal-coregtor-n_five,0.0
CoRegTor,grn_collectri_recall,HSP90AA1,SOD1;ATF4;SF1;YBX1;TAF7;ESRRA,exp02_muscle_skeletal-coregtor-n_five,0.0
CoRegTor,grn_collectri_recall,MAT2A,NFIX;SF1;CEBPB;KLF10,exp02_muscle_skeletal-coregtor-n_five,0.0
CoRegTor,grn_collectri_recall,MCL1,RPL6;HNRNPA1;TAF7;SNRNP70;RPS4X,exp02_muscle_skeletal-coregtor-n_five,0.0
CoRegTor,grn_collectri_recall,NFKBIA,CEBPB;KLF9;BCL6,exp02_muscle_skeletal-coregtor-n_five,0.02941
CoRegTor,grn_collectri_recall,PDK4,KLF9;CEBPB,exp02_muscle_skeletal-coregtor-n_five,0.04348
CoRegTor,grn_collectri_recall,PER1,MEF2D;CEBPB;KLF9;RPS4X;SNRNP70;RPL35;CEBPD,exp02_muscle_skeletal-coregtor-n_five,0.0
CoRegTor,grn_collectri_recall,SOD2,PSMA6;TPI1;UBXN1;NFIC,exp02_muscle_skeletal-coregtor-n_five,0.0
CoRegTor,grn_collectri_recall,SPARC,HADHB;SMPX;ESRRA;JUNB;HNRNPA1,exp02_muscle_skeletal-coregtor-n_five,0.0
CoRegTor,grn_collectri_recall,SQSTM1,MEF2D;PSMA6;CSNK2B;YWHAE;NFE2L1,exp02_muscle_skeletal-coregtor-n_five,0.0
CoRegTor,grn_collectri_recall,TAGLN,RPL35;RPS4X,exp02_muscle_skeletal-coregtor-n_five,0.0
CoRegTor,grn_collectri_recall,TIMP3,SF1;JUNB;HADHB;SNRNP70;HNRNPA1,exp02_muscle_skeletal-coregtor-n_five,0.0
CoRegTor,grn_collectri_recall,VIM,RPL35;RPS4X;SNRNP70;CSNK2B;HNRNPA1,exp02_muscle_skeletal-coregtor-n_five,0.0
CoRegNet,grn_collectri_recall,CDKN1A,BCL6;CEBPB;CEBPD;GADD45A,exp02-coregnet,0.00787
CoRegNet,grn_collectri_recall,DUSP1,CEBPB;CEBPD;GADD45A;JUNB;NR4A1,exp02-coregnet,0.03448
CoRegNet,grn_collectri_recall,HMOX1,CEBPD;GADD45A;MYF6,exp02-coregnet,0.0
CoRegNet,grn_collectri_recall,HSP90AA1,BCL6;CEBPD;GADD45A;JUNB;MYF6,exp02-coregnet,0.0
CoRegNet,grn_collectri_recall,MAT2A,BHLHE40;CEBPB;CEBPD;GADD45A;JUNB;KLF10;NR4A1,exp02-coregnet,0.0
CoRegNet,grn_collectri_recall,MCL1,BCL6;CEBPB;CEBPD;ENO1;GADD45A;GPD1;JUNB;KLF9;MYF6,exp02-coregnet,0.0
CoRegNet,grn_collectri_recall,NFKBIA,BCL6;CEBPB;CEBPD;GADD45A;JUNB;KLF9;MYF6,exp02-coregnet,0.02941
CoRegNet,grn_collectri_recall,PDK4,BCL6;CEBPD;GADD45A,exp02-coregnet,0.0
CoRegNet,grn_collectri_recall,PER1,BCL6;CEBPB;CEBPD;GADD45A;JUNB;KLF9;MYF6,exp02-coregnet,0.0
CoRegNet,grn_collectri_recall,SOD2,BCL6;GADD45A;NR4A1,exp02-coregnet,0.0
CoRegNet,grn_collectri_recall,SPARC,CEBPD;GADD45A;JUNB;NR4A1,exp02-coregnet,0.0
CoRegNet,grn_collectri_recall,SQSTM1,BCL6;CEBPD;GADD45A;MYF6,exp02-coregnet,0.0
CoRegNet,grn_collectri_recall,TAGLN,CEBPD;JUNB;NR4A1,exp02-coregnet,0.0
CoRegNet,grn_collectri_recall,TIMP3,CEBPD;GADD45A;JUNB;KLF9,exp02-coregnet,0.0
CoRegNet,grn_collectri_recall,VIM,CEBPD;GADD45A;JUNB;MYF6;NR4A1,exp02-coregnet,0.0
